{
    "project": {
        "name": "generator-dalekjs",
        "description": "A DalekJS generator for Yeoman",
        "version": "0.0.1",
        "url": "https://github.com/dalekjs/generator-dalekjs"
    },
    "files": {
        "app/index.js": {
            "name": "app/index.js",
            "modules": {},
            "classes": {},
            "fors": {},
            "namespaces": {}
        },
        "report/complexity/assets/scripts/vendor/codemirror/util/closetag.js": {
            "name": "report/complexity/assets/scripts/vendor/codemirror/util/closetag.js",
            "modules": {},
            "classes": {},
            "fors": {},
            "namespaces": {}
        }
    },
    "modules": {},
    "classes": {},
    "classitems": [
        {
            "file": "app/index.js",
            "line": 1,
            "description": "A generator for Yeoman.\n\n## Getting started\n- Make sure you have [yo](https://github.com/yeoman/yo) installed:\n    `npm install -g yo`\n- Install the generator: `npm install -g generator-dalekjs`\n- Run: `yo dalekjs`",
            "part": "Yeoman",
            "api": "",
            "class": ""
        },
        {
            "file": "report/complexity/assets/scripts/vendor/codemirror/util/closetag.js",
            "line": 1,
            "description": "Tag-closer extension for CodeMirror.\n\nThis extension adds an \"autoCloseTags\" option that can be set to\neither true to get the default behavior, or an object to further\nconfigure its behavior.\n\nThese are supported options:\n\n`whenClosing` (default true)\n  Whether to autoclose when the '/' of a closing tag is typed.\n`whenOpening` (default true)\n  Whether to autoclose the tag when the final '>' of an opening\n  tag is typed.\n`dontCloseTags` (default is empty tags for HTML, none for XML)\n  An array of tag names that should not be autoclosed.\n`indentTags` (default is block tags for HTML, none for XML)\n  An array of tag names that should, when opened, cause a\n  blank line to be added inside the tag, and the blank line and\n  closing line to be indented.\n\nSee demos/closetag.html for a usage example.",
            "class": ""
        }
    ],
    "warnings": [
        {
            "message": "unknown tag: part",
            "line": " app/index.js:1"
        },
        {
            "message": "unknown tag: api",
            "line": " app/index.js:1"
        },
        {
            "message": "Missing item type\nA generator for Yeoman.\n\n## Getting started\n- Make sure you have [yo](https://github.com/yeoman/yo) installed:\n    `npm install -g yo`\n- Install the generator: `npm install -g generator-dalekjs`\n- Run: `yo dalekjs`",
            "line": " app/index.js:1"
        },
        {
            "message": "Missing item type\nTag-closer extension for CodeMirror.\n\nThis extension adds an \"autoCloseTags\" option that can be set to\neither true to get the default behavior, or an object to further\nconfigure its behavior.\n\nThese are supported options:\n\n`whenClosing` (default true)\n  Whether to autoclose when the '/' of a closing tag is typed.\n`whenOpening` (default true)\n  Whether to autoclose the tag when the final '>' of an opening\n  tag is typed.\n`dontCloseTags` (default is empty tags for HTML, none for XML)\n  An array of tag names that should not be autoclosed.\n`indentTags` (default is block tags for HTML, none for XML)\n  An array of tag names that should, when opened, cause a\n  blank line to be added inside the tag, and the blank line and\n  closing line to be indented.\n\nSee demos/closetag.html for a usage example.",
            "line": " report/complexity/assets/scripts/vendor/codemirror/util/closetag.js:1"
        }
    ]
}